INSERT INTO memberinfo VALUES
('M1','ingibergur','aisha','abendroth',63,'1','poohpool@signet.com',3493931285),
('M2','ingibjartur','aishah','abentego',37,'1','meixin_kok@hotmail.com',3493931286),
('M3','ingibjörg','ajay','aber',41,'0','ngai_nicole@hotmail.com',3493931287),
('M4','ingibjörn','a''isha','abercombie',56,'1','isabelle_gal@hotmail.com',3493931288),
('M5','ingigerur','aashah','abercrombie',57,'0','michelle-878@hotmail.com',3493931289),
('M6','ingileif','aaban','aberle',57,'1','valerietan98@gmail.com',3493931290),
('M7','ingimar','aabas','abernatha',56,'0','remuskan@hotmail.com',3493931290),
('M8','ingimundur','aabha','abernathy',44,'1','genevieve.goh@hotmail.com',3493931290),
('M9','ingiríur','aabia','abernethy',52,'1','poonzheng5798@yahoo.com',3493931290),
('M10','insli','aabid','aberson',57,'1','burgergirl96@hotmail.com',3493931290),
('M11','kinslie','aabidah','abes',54,'1','insyirah_powergals@hotmail.com',3493931290),
('M12','kinslow','aabidammar','abeta',48,'0','little_princess-angel@hotmail.com',3493931290),
('M13','kinsly','aabir','abete',49,'1','ifah_duff@hotmail.com',3493931290),
('M14','kinsman','aabriella','abetrani',64,'1','tweety_butt@hotmail.com',3493931290),
('M15','kinson','aachal','abeyta',58,'0','choco_ela@hotmail.com',3493931290),
('M16','kinston','aad','abhaki',50,'0','princessdyanah@hotmail.com',3493931290),
('M17','kinta','aada','abhay',58,'0','isabelle_gal@hotmail.com',3493931290),
('M18','kintaro','dailen','abhaysingh',66,'0','choco_ela@hotmail.com',3493931290),
('M19','kinte','dailene','abhi',43,'1','tweety_butt@hotmail.com',3493931290),
('M20','kintner','daileny','abhijeet',69,'0','emotionallady_94@hotmail.com',3493931290),
('M21','kintrell','dailey','abhilasha',59,'1','genevieve.goh@hotmail.com',3493931290),
('M22','kintuillang','dailin','abhimanyu',44,'1','poonzheng5798@yahoo.com',3493931290),
('M23','kintz','dailing','abhinandan',30,'1','burgergirl96@hotmail.com',3493931290),
('M24','kinue','dailley','abhinav',61,'1','insyirah_powergals@hotmail.com',3493931290),
('M25','kinuko','dailon','abhinay',40,'1','little_princess-angel@hotmail.com',3493931290),
('M26','kinuyo','dailonis','abhisek',71,'0','ifah_duff@hotmail.com',3493931290),
('M27','kinvara','dailyn','abhisekh',59,'1','tweety_butt@hotmail.com',3493931290),
('M28','kinverli','dailynn','abhishak',51,'1','choco_ela@hotmail.com',3493931290),
('M29','kinverlin','dailynne','abhishek',65,'0','princessdyanah@hotmail.com',3493931290),
('M30','kinya','daim','abhishekh',53,'1','ngai_nicole@hotmail.com',3493931290),
('M31','kinyada','daiman','abid',41,'0','isabelle_gal@hotmail.com',3493931290),
('M32','kinyata','daimar','abida',65,'1','michelle-878@hotmail.com',3493931290),
('M33','kinyatta','daimarely','abide',44,'1','valerietan98@gmail.com',3493931290),
('M34','kinyetta','daimarion','abidin',54,'1','remuskan@hotmail.com',3493931290),
('M35','kinyon','daimen','abigantus',51,'1','genevieve.goh@hotmail.com',3493931290),
('M36','kinyoun','daimeon','abila',46,'0','poonzheng5798@yahoo.com',3493931290),
('M37','kinza','daimian','abilay',54,'0','burgergirl96@hotmail.com',3493931290),
('M38','kinzah','daimien','abild',54,'1','insyirah_powergals@hotmail.com',3493931290),
('M39','kinzara','daimion','abilez',65,'0','little_princess-angel@hotmail.com',3493931290),
('M40','kinze','daimon','abina',65,'0','ifah_duff@hotmail.com',3493931290),
('M41','kinzee','daimond','abington',51,'0','tweety_butt@hotmail.com',3493931290),
('M42','kinzer','daimyan','abitante',48,'1','choco_ela@hotmail.com',3493931290),
('M43','kinzey','dain','abitong',45,'1','princessdyanah@hotmail.com',3493931290),
('M44','kinzi','daina','abke',53,'0','isabelle_gal@hotmail.com',3493931290),
('M45','kinzie','dainah','abkemeier',39,'1','choco_ela@hotmail.com',3493931290),
('M46','befort','dainan','ablang',52,'1','tweety_butt@hotmail.com',3493931290),
('M47','befus','dainara','ablao',44,'1','emotionallady_94@hotmail.com',3493931290),
('M48','bega','daine','ableman',47,'1','genevieve.goh@hotmail.com',3493931290),
('M49','begay','dainel','beeck',53,'0','poonzheng5798@yahoo.com',3493931290),
('M50','begaye','dainelle','beecken',53,'0','burgergirl96@hotmail.com',3493931290),
('M51','begeal','dainen','beeckman',51,'0','insyirah_powergals@hotmail.com',3493931290),
('M52','begeman','dainera','beecroft',66,'1','little_princess-angel@hotmail.com',3493931290),
('M53','begen','daines','beed',62,'1','poohpool@signet.com',3493931290),
('M54','credo','dainette','beede',44,'0','meixin_kok@hotmail.com',3493931290),
('M55','cree','dainian','beedham',63,'0','ngai_nicole@hotmail.com',3493931290),
('M56','creech','dainis','beedle',52,'1','isabelle_gal@hotmail.com',3493931290),
('M57','creecy','dainius','beedles',48,'1','michelle-878@hotmail.com',3493931290),
('M58','creed','dainna','beedoo',45,'1','valerietan98@gmail.com',3493931290),
('M59','creeden','dainon','beedy',34,'1','remuskan@hotmail.com',3493931290),
('M60','creedon','ingeborga','beeghly',57,'0','genevieve.goh@hotmail.com',3493931290),
('M61','creegan','ingebritt','beegle',71,'0','poonzheng5798@yahoo.com',3493931290),
('M62','creehan','ingeburg','beehler',54,'1','burgergirl96@hotmail.com',3493931290),
('M63','creekbaum','ingedore','beek',52,'1','insyirah_powergals@hotmail.com',3493931290),
('M64','creekmore','ingegerd','beeker',41,'1','little_princess-angel@hotmail.com',3493931290),
('M65','creekmur','ingegärd','beekman',58,'1','ifah_duff@hotmail.com',3493931290),
('M66','creeks','ingela','beeks',35,'0','tweety_butt@hotmail.com',3493931290),
('M67','creel','ingelbert','beel',51,'1','choco_ela@hotmail.com',3493931290),
('M68','creeley','ingelene','beelar',45,'0','princessdyanah@hotmail.com',3493931290),
('M69','creenan','ingelies','beelby',44,'1','isabelle_gal@hotmail.com',3493931290),
('M70','creer','ingelinde','beeler',62,'0','choco_ela@hotmail.com',3493931290),
('M71','creese','ingeline','beem',54,'1','tweety_butt@hotmail.com',3493931290),
('M72','cregan','ingelise','beeman',51,'1','emotionallady_94@hotmail.com',3493931290),
('M73','ingemarie','ingelore','beemer',29,'1','genevieve.goh@hotmail.com',3493931290),
('M74','ingenito','ingelotte','beemon',51,'1','poonzheng5798@yahoo.com',3493931290),
('M75','inger','ingelta','beena',43,'0','choco_ela@hotmail.com',3493931290),
('M76','ingerid','ingemar','beene',55,'0','princessdyanah@hotmail.com',3493931290),
('M77','ingerlise','ingemarie','beenel',51,'1','ngai_nicole@hotmail.com',3493931290),
('M78','ingerose','ingenito','beenu',59,'1','isabelle_gal@hotmail.com',3493931290),
('M79','ingersoll','inger','beera',52,'1','michelle-878@hotmail.com',3493931290),
('M80','ingeruth','ingerid','beeram',58,'1','valerietan98@gmail.com',3493931290),
('M81','ingetraud','ingerlise','beerbohm',41,'1','remuskan@hotmail.com',3493931290),
('M82','ingetraut','ingerose','beere',45,'1','genevieve.goh@hotmail.com',3493931290),
('M83','ingetrud','ingersoll','beerer',60,'0','poonzheng5798@yahoo.com',3493931290),
('M84','ingfrid','ingeruth','beerle',52,'1','burgergirl96@hotmail.com',3493931290),
('M85','ingfried','ingetraud','beerling',42,'0','insyirah_powergals@hotmail.com',3493931290),
('M86','ingham','ingetraut','beerly',67,'0','little_princess-angel@hotmail.com',3493931290),
('M87','inghard','ingetrud','beerman',68,'1','ifah_duff@hotmail.com',3493931290),
('M88','ingi','ingfrid','beermann',46,'1','tweety_butt@hotmail.com',3493931290),
('M89','ingiberg','ingfried','beermudez',54,'0','choco_ela@hotmail.com',3493931290),
('M90','ingibergur','ingham','beers',58,'0','princessdyanah@hotmail.com',3493931290),
('M91','ingibjartur','inghard','beeru',48,'1','isabelle_gal@hotmail.com',3493931290),
('M92','ingibjörg','ingi','beery',57,'1','choco_ela@hotmail.com',3493931290),
('M93','ingibjörn','ingiberg','bees',52,'1','tweety_butt@hotmail.com',3493931290),
('M94','ingigerður','ingibergur','beese',54,'0','emotionallady_94@hotmail.com',3493931290),
('M95','ingileif','ingibjartur','beesley',45,'0','genevieve.goh@hotmail.com',3493931290),
('M96','ingimar','ingibjörg','beesmer',53,'1','poonzheng5798@yahoo.com',3493931290),
('M97','ingimundur','ingibjörn','beeson',62,'0','burgergirl96@hotmail.com',3493931290),
('M98','ingiríður','ingigerður','beeti',52,'1','valerietan98@gmail.com',3493931290),
('M99','begeman','ingileif','beetley',43,'1','remuskan@hotmail.com',3493931290),
('M100','begen','ingimar','beets',53,'1','genevieve.goh@hotmail.com',3493931290);


INSERT INTO memberinfo VALUES
('M101','begaye','ingimundur','beetsman',48,'1','poonzheng5798@yahoo.com',3493931291),
('M102','begeal','ingiríður','beetsme',55,'0','burgergirl96@hotmail.com',3493931291),
('M103','bege','begeman','beetsley',42,'1','insyirah_powergals@hotmail.com',3493931291),
('M104','beger','begen','beeton',49,'1','little_princess-angel@hotmail.com',3493931291),
('M105','beggs','begaye','beetson',51,'1','ifah_duff@hotmail.com',3493931291),
('M106','begh','begeal','beetzer',47,'0','tweety_butt@hotmail.com',3493931291),
('M107','begi','bege','beford',53,'1','choco_ela@hotmail.com',3493931291),
('M108','begich','beger','befort',56,'0','princessdyanah@hotmail.com',3493931291),
('M109','beginnings','beggs','begay',44,'1','isabelle_gal@hotmail.com',3493931291),
('M110','begley','begh','begaye',57,'1','choco_ela@hotmail.com',3493931291),
('M111','begn','begi','begel',61,'0','tweety_butt@hotmail.com',3493931291),
('M112','begonia','begich','beger',54,'1','emotionallady_94@hotmail.com',3493931291),
('M113','begonias','beginnings','begg',63,'0','genevieve.goh@hotmail.com',3493931291),
('M114','begor','begley','begue',48,'1','poonzheng5798@yahoo.com',3493931291),
('M115','begoun','begn','begum',57,'1','burgergirl96@hotmail.com',3493931291),
('M116','begra','begonia','beh',49,'0','insyirah_powergals@hotmail.com',3493931291),
('M117','begum','begonias','behr',50,'1','little_princess-angel@hotmail.com',3493931291),
('M118','begunia','begor','behrens',42,'0','ifah_duff@hotmail.com',3493931291),
('M119','begun','begoun','behymer',53,'1','tweety_butt@hotmail.com',3493931291),
('M120','begure','begra','bei',44,'1','choco_ela@hotmail.com',3493931291),
('M121','beh','begum','beidel',51,'0','princessdyanah@hotmail.com',3493931291),
('M122','behan','begunia','beier',46,'1','isabelle_gal@hotmail.com',3493931291),
('M123','behar','begun','beigh',55,'1','choco_ela@hotmail.com',3493931291),
('M124','behari','begure','beil',50,'0','tweety_butt@hotmail.com',3493931291),
('M125','behl','beh','beilman',48,'1','emotionallady_94@hotmail.com',3493931291),
('M126','behler','behan','bein',52,'1','genevieve.goh@hotmail.com',3493931291),
('M127','behlke','behar','beinhorn',47,'0','poonzheng5798@yahoo.com',3493931291),
('M128','behm','behari','beinke',51,'1','burgergirl96@hotmail.com',3493931291),
('M129','behman','behl','beiser',59,'0','insyirah_powergals@hotmail.com',3493931291),
('M130','behn','behler','beith',45,'1','little_princess-angel@hotmail.com',3493931291),
('M131','behr','behlke','beitz',54,'1','ifah_duff@hotmail.com',3493931291),
('M132','behrens','behm','bejar',50,'0','tweety_butt@hotmail.com',3493931291),
('M133','behringer','behman','bejiga',41,'1','choco_ela@hotmail.com',3493931291),
('M134','behrman','behn','belair',52,'1','princessdyanah@hotmail.com',3493931291),
('M135','behrndt','behr','belcher',44,'0','isabelle_gal@hotmail.com',3493931291),
('M136','behruz','behrens','belden',46,'1','choco_ela@hotmail.com',3493931291),
('M137','behsman','behringer','belford',55,'0','tweety_butt@hotmail.com',3493931291),
('M138','behzad','behrman','belgrad',48,'1','emotionallady_94@hotmail.com',3493931291),
('M139','bei','behrndt','belgrave',54,'1','genevieve.goh@hotmail.com',3493931291),
('M140','beiba','behruz','belhumeur',42,'0','poonzheng5798@yahoo.com',3493931291),
('M141','beibers','behsman','belin',53,'1','burgergirl96@hotmail.com',3493931291),
('M142','beich','behzad','belinelli',49,'1','insyirah_powergals@hotmail.com',3493931291),
('M143','beidel','bei','belinsky',47,'0','little_princess-angel@hotmail.com',3493931291),
('M144','beier','beiba','belk',51,'1','ifah_duff@hotmail.com',3493931291),
('M145','beight','beibers','bell',55,'0','tweety_butt@hotmail.com',3493931291),
('M146','beil','beich','bella',44,'1','choco_ela@hotmail.com',3493931291),
('M147','beilman','beidel','bellamy',42,'1','princessdyanah@hotmail.com',3493931291),
('M148','bein','beier','belle',48,'0','isabelle_gal@hotmail.com',3493931291),
('M149','beinhorn','beight','bellenger',51,'1','choco_ela@hotmail.com',3493931291),
('M150','beinke','beil','bellis',53,'1','tweety_butt@hotmail.com',3493931291),
('M151','beiser','beilman','bellman',55,'0','emotionallady_94@hotmail.com',3493931291),
('M152','beith','bein','bello',49,'1','genevieve.goh@hotmail.com',3493931291),
('M153','beitz','beinhorn','bellows',52,'1','poonzheng5798@yahoo.com',3493931291),
('M154','bejar','beinke','belmonte',44,'0','burgergirl96@hotmail.com',3493931291),
('M155','bejiga','beiser','belnap',46,'1','insyirah_powergals@hotmail.com',3493931291),
('M156','belair','beith','beltran',55,'1','little_princess-angel@hotmail.com',3493931291),
('M157','belcher','beitz','beltrami',50,'0','ifah_duff@hotmail.com',3493931291),
('M158','belden','bejar','belyea',42,'1','tweety_butt@hotmail.com',3493931291),
('M159','belford','bejiga','bembridge',51,'0','choco_ela@hotmail.com',3493931291),
('M160','belgrad','belair','beman',49,'1','princessdyanah@hotmail.com',3493931291),
('M161','belgrave','belcher','bement',47,'1','isabelle_gal@hotmail.com',3493931291),
('M162','belhumeur','belden','bena',53,'0','choco_ela@hotmail.com',3493931291),
('M163','belin','belford','benavides',56,'1','tweety_butt@hotmail.com',3493931291),
('M164','belinelli','belgrad','benedict',44,'1','emotionallady_94@hotmail.com',3493931291),
('M165','belinsky','belgrave','benedikt',50,'0','genevieve.goh@hotmail.com',3493931291),
('M166','belk','belhumeur','benedito',52,'1','poonzheng5798@yahoo.com',3493931291),
('M167','bell','belin','beneke',51,'0','burgergirl96@hotmail.com',3493931291),
('M168','bella','belinelli','benenson',48,'1','insyirah_powergals@hotmail.com',3493931291),
('M169','bellamy','belinsky','benham',50,'1','little_princess-angel@hotmail.com',3493931291),
('M170','belle','belk','benjamin',55,'0','ifah_duff@hotmail.com',3493931291),
('M171','bellenger','bell','benjamen',49,'1','tweety_butt@hotmail.com',3493931291),
('M172','bellis','bella','benji',44,'1','choco_ela@hotmail.com',3493931291),
('M173','bellman','bellamy','benjaminson',51,'0','princessdyanah@hotmail.com',3493931291),
('M174','bello','belle','benjaminsson',53,'1','isabelle_gal@hotmail.com',3493931291),
('M175','bellows','bellenger','benk',50,'1','choco_ela@hotmail.com',3493931291),
('M176','belmonte','bellis','benn',48,'0','tweety_butt@hotmail.com',3493931291),
('M177','belnap','bellman','benne',46,'1','emotionallady_94@hotmail.com',3493931291),
('M178','beltran','bello','bennett',52,'0','genevieve.goh@hotmail.com',3493931291),
('M179','beltrami','bellows','bennie',49,'1','poonzheng5798@yahoo.com',3493931291),
('M180','belyea','belmonte','benny',44,'1','burgergirl96@hotmail.com',3493931291),
('M181','bembridge','belnap','benson',51,'0','insyirah_powergals@hotmail.com',3493931291),
('M182','beman','beltran','bentley',53,'1','little_princess-angel@hotmail.com',3493931291),
('M183','bement','beltrami','benton',50,'0','ifah_duff@hotmail.com',3493931291),
('M184','bena','belyea','benoit',48,'1','tweety_butt@hotmail.com',3493931291),
('M185','benavides','bembridge','benjamin',55,'1','choco_ela@hotmail.com',3493931291),
('M186','benedict','beman','beng',51,'0','princessdyanah@hotmail.com',3493931291),
('M187','benedikt','bement','benham',49,'1','isabelle_gal@hotmail.com',3493931291),
('M188','benedito','bena','benjamin',46,'1','choco_ela@hotmail.com',3493931291),
('M189','beneke','benavides','bennet',52,'0','tweety_butt@hotmail.com',3493931291),
('M190','benenson','benedict','bennett',48,'1','emotionallady_94@hotmail.com',3493931291),
('M191','benham','benedikt','bennie',44,'1','genevieve.goh@hotmail.com',3493931291),
('M192','benjamin','benedito','benny',51,'0','poonzheng5798@yahoo.com',3493931291),
('M193','benjamen','beneke','benson',53,'1','burgergirl96@hotmail.com',3493931291),
('M194','benji','benenson','benton',50,'0','insyirah_powergals@hotmail.com',3493931291),
('M195','benjaminson','benham','benoit',48,'1','little_princess-angel@hotmail.com',3493931291),
('M196','benjaminsson','benjamin','benjamin',55,'1','ifah_duff@hotmail.com',3493931291),
('M197','benk','benjamen','beng',51,'0','tweety_butt@hotmail.com',3493931291),
('M198','benn','benji','benham',49,'1','choco_ela@hotmail.com',3493931291),
('M199','benne','benjaminson','benjamin',46,'1','princessdyanah@hotmail.com',3493931291),
('M200','bennett','benjaminsson','benoit',52,'0','isabelle_gal@hotmail.com',3493931291);

INSERT INTO memberinfo VALUES
('M201','bennett','benk','benjaminson',48,'1','choco_ela@hotmail.com',3493931291),
('M202','bennett','benn','benjaminsson',55,'0','princessdyanah@hotmail.com',3493931291),
('M203','bennett','benne','benk',51,'1','isabelle_gal@hotmail.com',3493931291),
('M204','bennett','bennett','benn',49,'1','choco_ela@hotmail.com',3493931291),
('M205','benoit','benne','benne',46,'0','tweety_butt@hotmail.com',3493931291),
('M206','benoit','bennett','benoit',52,'1','emotionallady_94@hotmail.com',3493931291),
('M207','benoit','benoit','benjamin',48,'0','genevieve.goh@hotmail.com',3493931291),
('M208','benoit','benoit','benjamen',44,'1','poonzheng5798@yahoo.com',3493931291),
('M209','benoit','benoit','benji',51,'1','burgergirl96@hotmail.com',3493931291),
('M210','benoit','benoit','benjaminson',53,'0','insyirah_powergals@hotmail.com',3493931291),
('M211','benoit','benoit','benjaminsson',50,'1','little_princess-angel@hotmail.com',3493931291),
('M212','benoit','benoit','benk',48,'1','ifah_duff@hotmail.com',3493931291),
('M213','benoit','benoit','benn',55,'0','tweety_butt@hotmail.com',3493931291),
('M214','benoit','benoit','benne',51,'1','choco_ela@hotmail.com',3493931291),
('M215','benoit','benoit','bennett',49,'0','princessdyanah@hotmail.com',3493931291),
('M216','benoit','benoit','benoit',46,'1','isabelle_gal@hotmail.com',3493931291),
('M217','benoit','benoit','benjamin',52,'1','choco_ela@hotmail.com',3493931291),
('M218','benoit','benoit','benjamen',48,'0','tweety_butt@hotmail.com',3493931291),
('M219','benoit','benoit','benji',44,'1','emotionallady_94@hotmail.com',3493931291),
('M220','benoit','benoit','benjaminson',51,'1','genevieve.goh@hotmail.com',3493931291),
('M221','benoit','benoit','benjaminsson',53,'0','poonzheng5798@yahoo.com',3493931291),
('M222','benoit','benoit','benk',50,'1','burgergirl96@hotmail.com',3493931291),
('M223','benoit','benoit','benn',48,'0','insyirah_powergals@hotmail.com',3493931291),
('M224','benoit','benoit','benne',55,'1','little_princess-angel@hotmail.com',3493931291),
('M225','benoit','benoit','bennett',51,'1','ifah_duff@hotmail.com',3493931291),
('M226','benoit','benoit','benoit',49,'0','tweety_butt@hotmail.com',3493931291),
('M227','benoit','benoit','benjamin',46,'1','choco_ela@hotmail.com',3493931291),
('M228','benoit','benoit','benjamen',52,'0','princessdyanah@hotmail.com',3493931291),
('M229','benoit','benoit','benji',48,'1','isabelle_gal@hotmail.com',3493931291),
('M230','benoit','benoit','benjaminson',44,'1','choco_ela@hotmail.com',3493931291),
('M231','benoit','benoit','benjaminsson',51,'0','tweety_butt@hotmail.com',3493931291),
('M232','benoit','benoit','benk',53,'1','emotionallady_94@hotmail.com',3493931291),
('M233','benoit','benoit','benn',50,'1','genevieve.goh@hotmail.com',3493931291),
('M234','benoit','benoit','benne',48,'0','poonzheng5798@yahoo.com',3493931291),
('M235','benoit','benoit','bennett',55,'1','burgergirl96@hotmail.com',3493931291),
('M236','benoit','benoit','benoit',51,'0','insyirah_powergals@hotmail.com',3493931291),
('M237','benoit','benoit','benjamin',49,'1','little_princess-angel@hotmail.com',3493931291),
('M238','benoit','benoit','benjamen',46,'1','ifah_duff@hotmail.com',3493931291),
('M239','benoit','benoit','benji',52,'0','tweety_butt@hotmail.com',3493931291),
('M240','benoit','benoit','benjaminson',48,'1','choco_ela@hotmail.com',3493931291),
('M241','benoit','benoit','benjaminsson',44,'1','princessdyanah@hotmail.com',3493931291),
('M242','benoit','benoit','benk',51,'0','isabelle_gal@hotmail.com',3493931291),
('M243','benoit','benoit','benn',53,'1','choco_ela@hotmail.com',3493931291),
('M244','benoit','benoit','benne',50,'1','tweety_butt@hotmail.com',3493931291),
('M245','benoit','benoit','bennett',48,'0','emotionallady_94@hotmail.com',3493931291),
('M246','benoit','benoit','benoit',55,'1','genevieve.goh@hotmail.com',3493931291),
('M247','benoit','benoit','benjamin',51,'1','poonzheng5798@yahoo.com',3493931291),
('M248','benoit','benoit','benjamen',49,'0','burgergirl96@hotmail.com',3493931291),
('M249','benoit','benoit','benji',46,'1','insyirah_powergals@hotmail.com',3493931291),
('M250','benoit','benoit','benjaminson',52,'0','little_princess-angel@hotmail.com',3493931291),
('M251','benoit','benoit','benjaminsson',48,'1','ifah_duff@hotmail.com',3493931291),
('M252','benoit','benoit','benk',44,'1','tweety_butt@hotmail.com',3493931291),
('M253','benoit','benoit','benn',51,'0','choco_ela@hotmail.com',3493931291),
('M254','benoit','benoit','benne',53,'1','princessdyanah@hotmail.com',3493931291),
('M255','benoit','benoit','bennett',50,'1','isabelle_gal@hotmail.com',3493931291),
('M256','benoit','benoit','benoit',48,'0','choco_ela@hotmail.com',3493931291),
('M257','benoit','benoit','benjamin',55,'1','tweety_butt@hotmail.com',3493931291),
('M258','benoit','benoit','benjamen',51,'1','emotionallady_94@hotmail.com',3493931291),
('M259','benoit','benoit','benji',49,'0','genevieve.goh@hotmail.com',3493931291),
('M260','benoit','benoit','benjaminson',46,'1','poonzheng5798@yahoo.com',3493931291),
('M261','benoit','benoit','benjaminsson',52,'0','burgergirl96@hotmail.com',3493931291),
('M262','benoit','benoit','benk',48,'1','insyirah_powergals@hotmail.com',3493931291),
('M263','benoit','benoit','benn',44,'1','little_princess-angel@hotmail.com',3493931291),
('M264','benoit','benoit','benne',51,'0','ifah_duff@hotmail.com',3493931291),
('M265','benoit','benoit','bennett',53,'1','tweety_butt@hotmail.com',3493931291),
('M266','benoit','benoit','benoit',50,'1','choco_ela@hotmail.com',3493931291),
('M267','benoit','benoit','benjamin',48,'0','princessdyanah@hotmail.com',3493931291),
('M268','benoit','benoit','benjamen',55,'1','isabelle_gal@hotmail.com',3493931291),
('M269','benoit','benoit','benji',51,'1','choco_ela@hotmail.com',3493931291),
('M270','benoit','benoit','benjaminson',49,'0','tweety_butt@hotmail.com',3493931291),
('M271','benoit','benoit','benjaminsson',46,'1','emotionallady_94@hotmail.com',3493931291),
('M272','benoit','benoit','benk',52,'0','genevieve.goh@hotmail.com',3493931291),
('M273','benoit','benoit','benn',48,'1','poonzheng5798@yahoo.com',3493931291),
('M274','benoit','benoit','benne',44,'1','burgergirl96@hotmail.com',3493931291),
('M275','benoit','benoit','bennett',51,'0','insyirah_powergals@hotmail.com',3493931291),
('M276','benoit','benoit','benoit',53,'1','little_princess-angel@hotmail.com',3493931291),
('M277','benoit','benoit','benjamin',50,'1','ifah_duff@hotmail.com',3493931291),
('M278','benoit','benoit','benjamen',48,'0','tweety_butt@hotmail.com',3493931291),
('M279','benoit','benoit','benji',55,'1','choco_ela@hotmail.com',3493931291),
('M280','benoit','benoit','benjaminson',51,'1','princessdyanah@hotmail.com',3493931291),
('M281','benoit','benoit','benjaminsson',49,'0','isabelle_gal@hotmail.com',3493931291),
('M282','benoit','benoit','benk',46,'1','choco_ela@hotmail.com',3493931291),
('M283','benoit','benoit','benn',52,'0','tweety_butt@hotmail.com',3493931291),
('M284','benoit','benoit','benne',48,'1','emotionallady_94@hotmail.com',3493931291),
('M285','benoit','benoit','bennett',44,'1','genevieve.goh@hotmail.com',3493931291),
('M286','benoit','benoit','benoit',51,'0','poonzheng5798@yahoo.com',3493931291),
('M287','benoit','benoit','benjamin',53,'1','burgergirl96@hotmail.com',3493931291),
('M288','benoit','benoit','benjamen',50,'1','insyirah_powergals@hotmail.com',3493931291),
('M289','benoit','benoit','benji',48,'0','little_princess-angel@hotmail.com',3493931291),
('M290','benoit','benoit','benjaminson',55,'1','ifah_duff@hotmail.com',3493931291),
('M291','benoit','benoit','benjaminsson',51,'1','tweety_butt@hotmail.com',3493931291),
('M292','benoit','benoit','benk',49,'0','choco_ela@hotmail.com',3493931291),
('M293','benoit','benoit','benn',46,'1','princessdyanah@hotmail.com',3493931291),
('M294','benoit','benoit','benne',52,'0','isabelle_gal@hotmail.com',3493931291),
('M295','benoit','benoit','bennett',48,'1','choco_ela@hotmail.com',3493931291),
('M296','benoit','benoit','benoit',44,'1','tweety_butt@hotmail.com',3493931291),
('M297','benoit','benoit','benjamin',51,'0','emotionallady_94@hotmail.com',3493931291),
('M298','benoit','benoit','benjamen',53,'1','genevieve.goh@hotmail.com',3493931291),
('M299','benoit','benoit','benji',50,'1','poonzheng5798@yahoo.com',3493931291),
('M300','benoit','benoit','benjaminson',48,'0','burgergirl96@hotmail.com',3493931291);

INSERT INTO memberinfo VALUES
('M303','benoit','bezinga','benjaminfrank',42,'0','burgergirl961@hotmail.com',3493981291);

INSERT INTO memberinfo VALUES
('M304','benoit','bezinga','dailley',42,'0','dailleygirl961@hotmail.com',3483981291);



INSERT INTO addressinfo VALUES
('add1','Isabela City','Special Provinces','Philippines','2600–2614','M1'),
('add2','Cotabato City','Special Provinces','Philippines','2600–2614','M2'),
('add3','Manila, 3rd District','Manila','Philippines','2600–2614','M3'),
('add4','Manila, 5th District','Manila','Philippines','2600–2614','M4'),
('add5','Manila, 6th District','Manila','Philippines','2600–2614','M5'),
('add6','Manila, 1st District','Manila','Philippines','2600–2614','M6'),
('add7','Manila, 2nd District','Manila','Philippines','2600–2614','M7'),
('add8','Manila, 4th District','Manila','Philippines','2600–2614','M8'),
('add9','City of Mandaluyong','Second District','Philippines','2610–2614','M9'),
('add10','City of Marikina, 1st District','Second District','Philippines','2610–2615','M10'),
('add11','City of Marikina, 2nd District','Second District','Philippines','2610–2616','M11'),
('add12','City of Pasig, 1st District','Second District','Philippines','2610–2617','M12'),
('add13','City of Pasig, 2nd District','Second District','Philippines','2610–2618','M13'),
('add14','Quezon City, 1st District','Second District','Philippines','2610–2619','M14'),
('add15','Quezon City, 2nd District','Second District','Philippines','2610–2620','M15'),
('add16','Quezon City, 3rd District','Second District','Philippines','2610–2621','M16'),
('add17','Quezon City, 4th District','Second District','Philippines','2610–2622','M17'),
('add18','Quezon City, 5th District','Second District','Philippines','2610–2623','M18'),
('add19','Quezon City, 6th District','Second District','Philippines','2610–2624','M19'),
('add20','San Juan City','Second District','Philippines','2610–2625','M20'),
('add21','Caloocan City, 1st District','Third District','Philippines','2610–2627','M21'),
('add22','Caloocan City, 2nd District','Third District','Philippines','2610–2628','M22'),
('add23','Malabon City','Third District','Philippines','2610–2629','M23'),
('add24','Navotas City','Third District','Philippines','2610–2630','M24'),
('add25','City of Valenzuela, 1st District','Third District','Philippines','2610–2631','M25'),
('add26','City of Valenzuela, 2nd District','Third District','Philippines','2610–2632','M26'),
('add27','City of Las Pinas','Fourth District','Philippines','2610–2633','M27'),
('add28','City of Makati, 1st District','Fourth District','Philippines','2610–2634','M28'),
('add29','City of Makati, 2nd District','Fourth District','Philippines','2610–2635','M29'),
('add30','City of Muntinlupa','Fourth District','Philippines','2610–2636','M30'),
('add31','City of Paranaque','Fourth District','Philippines','2610–2637','M31'),
('add32','Pasay City, 1st District','Fourth District','Philippines','2610–2638','M32'),
('add33','Pasay City, 2nd District','Fourth District','Philippines','2610–2639','M33'),
('add34','Pateros','Fourth District','Philippines','2610–2640','M34'),
('add35','Taguig City','Fourth District','Philippines','2610–2641','M35'),
('add36','Bangued','Abra','Philippines','2610–2642','M36'),
('add37','Boliney','Abra','Philippines','2610–2642','M37'),
('add38','Bucay','Abra','Philippines','2610–2642','M38'),
('add39','Bucloc','Abra','Philippines','2610–2642','M39'),
('add40','Daguioman','Abra','Philippines','2610–2642','M40'),
('add41','Danglas','Abra','Philippines','2610–2642','M41'),
('add42','Dolores','Abra','Philippines','2610–2642','M42'),
('add43','La Paz','Abra','Philippines','2610–2642','M43'),
('add44','Lacub','Abra','Philippines','2610–2642','M44'),
('add45','Lagangilang','Abra','Philippines','2610–2642','M45'),
('add46','Lagayan','Abra','Philippines','2610–2642','M46'),
('add47','Langiden','Abra','Philippines','2610–2642','M47'),
('add48','Licuan-Baay (Licuan)','Abra','Philippines','2610–2642','M48'),
('add49','Luba','Abra','Philippines','2610–2642','M49'),
('add50','Malibcong','Abra','Philippines','2610–2642','M50');

INSERT INTO addressinfo VALUES
('add51','Manabo','Abra','Philippines','2610–2642','M51'),
('add52','Penarrubia','Abra','Philippines','2610–2642','M52'),
('add53','Pidigan','Abra','Philippines','2610–2642','M53'),
('add54','Pilar','Abra','Philippines','2610–2642','M54'),
('add55','Sallapadan','Abra','Philippines','2610–2642','M55'),
('add56','San Isidro','Abra','Philippines','2610–2642','M56'),
('add57','San Juan','Abra','Philippines','2610–2642','M57'),
('add58','San Quintin','Abra','Philippines','2610–2642','M58'),
('add59','Tayum','Abra','Philippines','2610–2642','M59'),
('add60','Tineg','Abra','Philippines','2610–2642','M60'),
('add61','Tubo','Abra','Philippines','2610–2642','M61'),
('add62','Villaviciosa','Abra','Philippines','2610–2642','M62'),
('add63','Atok','Benguet','Philippines','2610–2643','M63'),
('add64','Baguio City','Benguet','Philippines','2610–2643','M64'),
('add65','Bakun','Benguet','Philippines','2610–2643','M65'),
('add66','Bokod','Benguet','Philippines','2610–2643','M66'),
('add67','Buguias','Benguet','Philippines','2610–2643','M67'),
('add68','Itogon','Benguet','Philippines','2610–2643','M68'),
('add69','Kabayan','Benguet','Philippines','2610–2643','M69'),
('add70','Kapangan','Benguet','Philippines','2610–2643','M70'),
('add71','Kibungan','Benguet','Philippines','2610–2643','M71'),
('add72','La Trinidad','Benguet','Philippines','2610–2643','M72'),
('add73','Mankayan','Benguet','Philippines','2610–2643','M73'),
('add74','Sablan','Benguet','Philippines','2610–2643','M74'),
('add75','Tuba','Benguet','Philippines','2610–2643','M75'),
('add76','Tublay','Benguet','Philippines','2610–2643','M76'),
('add77','Banaue','Ifugao','Philippines','2610–2644','M77'),
('add78','Hungduan','Ifugao','Philippines','2610–2644','M78'),
('add79','Kiangan','Ifugao','Philippines','2610–2644','M79'),
('add80','Lagawe','Ifugao','Philippines','2610–2644','M80'),
('add81','Lamut','Ifugao','Philippines','2610–2644','M81'),
('add82','Mayoyao','Ifugao','Philippines','2610–2644','M82'),
('add83','Alfonso Lista (Potia)','Ifugao','Philippines','2610–2644','M83'),
('add84','Aguinaldo','Ifugao','Philippines','2610–2644','M84'),
('add85','Hingyon','Ifugao','Philippines','2610–2644','M85'),
('add86','Tinoc','Ifugao','Philippines','2610–2644','M86'),
('add87','Asipulo','Ifugao','Philippines','2610–2644','M87'),
('add88','Balbalan','Kalinga','Philippines','2610–2645','M88'),
('add89','Lubuagan','Kalinga','Philippines','2610–2645','M89'),
('add90','Pasil','Kalinga','Philippines','2610–2645','M90'),
('add91','Pinukpuk','Kalinga','Philippines','2610–2645','M91'),
('add92','Rizal (Liwan)','Kalinga','Philippines','2610–2645','M92'),
('add93','Tabuk City','Kalinga','Philippines','2610–2645','M93'),
('add94','Tanudan','Kalinga','Philippines','2610–2645','M94'),
('add95','Tinglayan','Kalinga','Philippines','2610–2645','M95'),
('add96','Barlig','Mountain Province','Philippines','2610–2646','M96'),
('add97','Bauko','Mountain Province','Philippines','2610–2646','M97'),
('add98','Besao','Mountain Province','Philippines','2610–2646','M98'),
('add99','Bontoc','Mountain Province','Philippines','2610–2646','M99'),
('add100','Natonin','Mountain Province','Philippines','2610–2646','M100');


INSERT INTO addressinfo VALUES
('add101','Burgos','Valley Province','Philippines','2610–2646','M101'),
('add102','Burgos','Mountain Province','Philippines','2610–2646','M102'),
('add103','Burgos','Kingston Province','Philippines','2610–2646','M103');

INSERT INTO addressinfo VALUES
('add104','Flora','Valley Province','Philippines','2610–2646','M104'),
('add105','Flora','Mountain Province','Philippines','2610–2646','M105'),
('add106','Flora','Kingston Province','Philippines','2610–2646','M106');

INSERT INTO addressinfo VALUES
('add107','Isabela City','country Provinces','Philippines','2600–2614','M303');

UPDATE addressinfo
SET state = 'Mountain Province'
WHERE memberinfo_member_id = 'M1';



INSERT INTO cardiodiagnosis VALUES
('cid122',1,'2019-01-24 00:00:00','M1'),
('cid123',1,'2019-01-25 00:00:00','M2'),
('cid124',1,'2019-01-26 00:00:00','M3'),
('cid125',1,'2019-01-27 00:00:00','M4'),
('cid126',1,'2019-01-28 00:00:00','M5'),
('cid127',1,'2019-01-29 00:00:00','M6'),
('cid128',1,'2019-01-30 00:00:00','M7'),
('cid129',1,'2019-01-31 00:00:00','M8'),
('cid130',1,'2019-02-01 00:00:00','M9'),
('cid131',1,'2019-02-02 00:00:00','M10'),
('cid132',1,'2019-02-03 00:00:00','M11'),
('cid133',1,'2019-02-04 00:00:00','M12'),
('cid134',1,'2019-02-05 00:00:00','M13'),
('cid135',1,'2019-02-06 00:00:00','M14'),
('cid136',1,'2019-02-07 00:00:00','M15'),
('cid137',1,'2019-02-08 00:00:00','M16'),
('cid138',1,'2019-02-09 00:00:00','M17'),
('cid139',1,'2019-02-10 00:00:00','M18'),
('cid140',1,'2019-02-11 00:00:00','M19'),
('cid141',1,'2019-02-12 00:00:00','M20'),
('cid142',1,'2019-02-13 00:00:00','M21'),
('cid143',1,'2019-02-14 00:00:00','M22'),
('cid144',1,'2019-02-15 00:00:00','M23'),
('cid145',1,'2019-02-16 00:00:00','M24'),
('cid146',1,'2019-02-17 00:00:00','M25'),
('cid147',1,'2019-02-18 00:00:00','M26'),
('cid148',1,'2019-02-19 00:00:00','M27'),
('cid149',1,'2019-02-20 00:00:00','M28'),
('cid150',1,'2019-02-21 00:00:00','M29'),
('cid151',1,'2019-02-22 00:00:00','M30'),
('cid152',1,'2019-02-23 00:00:00','M31'),
('cid153',1,'2019-02-24 00:00:00','M32'),
('cid154',1,'2019-02-25 00:00:00','M33'),
('cid155',1,'2019-02-26 00:00:00','M34'),
('cid156',1,'2019-02-27 00:00:00','M35'),
('cid157',1,'2019-02-28 00:00:00','M36'),
('cid158',1,'2019-03-01 00:00:00','M37'),
('cid159',1,'2019-03-02 00:00:00','M38'),
('cid160',1,'2019-03-03 00:00:00','M39'),
('cid161',1,'2019-03-04 00:00:00','M40'),
('cid162',1,'2019-03-05 00:00:00','M41'),
('cid163',1,'2019-03-06 00:00:00','M42'),
('cid164',1,'2019-03-07 00:00:00','M43'),
('cid165',1,'2019-03-08 00:00:00','M44'),
('cid166',1,'2019-03-09 00:00:00','M45'),
('cid167',1,'2019-03-10 00:00:00','M46'),
('cid168',1,'2019-03-11 00:00:00','M47'),
('cid169',1,'2019-03-12 00:00:00','M48'),
('cid170',1,'2019-03-13 00:00:00','M49'),
('cid171',1,'2019-03-14 00:00:00','M50');

INSERT INTO cardiodiagnosis VALUES
('cid172',1,'2019-03-15 00:00:00','M51'),
('cid173',1,'2019-03-16 00:00:00','M52'),
('cid174',1,'2019-03-17 00:00:00','M53'),
('cid175',1,'2019-03-18 00:00:00','M54'),
('cid176',1,'2019-03-19 00:00:00','M55'),
('cid177',1,'2019-03-20 00:00:00','M56'),
('cid178',1,'2019-03-21 00:00:00','M57'),
('cid179',1,'2019-03-22 00:00:00','M58'),
('cid180',1,'2019-03-23 00:00:00','M59'),
('cid181',1,'2019-03-24 00:00:00','M60'),
('cid182',1,'2019-03-25 00:00:00','M61'),
('cid183',1,'2019-03-26 00:00:00','M62'),
('cid184',1,'2019-03-27 00:00:00','M63'),
('cid185',1,'2019-03-28 00:00:00','M64'),
('cid186',1,'2019-03-29 00:00:00','M65'),
('cid187',1,'2019-03-30 00:00:00','M66'),
('cid188',1,'2019-03-31 00:00:00','M67'),
('cid189',1,'2019-04-01 00:00:00','M68'),
('cid190',1,'2019-04-02 00:00:00','M69'),
('cid191',1,'2019-04-03 00:00:00','M70'),
('cid192',1,'2019-04-04 00:00:00','M71'),
('cid193',1,'2019-04-05 00:00:00','M72'),
('cid194',1,'2019-04-06 00:00:00','M73'),
('cid195',1,'2019-04-07 00:00:00','M74'),
('cid196',1,'2019-04-08 00:00:00','M75'),
('cid197',1,'2019-04-09 00:00:00','M76'),
('cid198',1,'2019-04-10 00:00:00','M77'),
('cid199',1,'2019-04-11 00:00:00','M78'),
('cid200',1,'2019-04-12 00:00:00','M79'),
('cid201',1,'2019-04-13 00:00:00','M80'),
('cid202',1,'2019-04-14 00:00:00','M81'),
('cid203',1,'2019-04-15 00:00:00','M82'),
('cid204',1,'2019-04-16 00:00:00','M83'),
('cid205',1,'2019-04-17 00:00:00','M84'),
('cid206',1,'2019-04-18 00:00:00','M85'),
('cid207',1,'2019-04-19 00:00:00','M86'),
('cid208',1,'2019-04-20 00:00:00','M87'),
('cid209',1,'2019-04-21 00:00:00','M88'),
('cid210',1,'2019-04-22 00:00:00','M89'),
('cid211',1,'2019-04-23 00:00:00','M90'),
('cid212',1,'2019-04-24 00:00:00','M91'),
('cid213',1,'2019-04-25 00:00:00','M92'),
('cid214',1,'2019-04-26 00:00:00','M93'),
('cid215',1,'2019-04-27 00:00:00','M94'),
('cid216',1,'2019-04-28 00:00:00','M95'),
('cid217',1,'2019-04-29 00:00:00','M96'),
('cid218',1,'2019-04-30 00:00:00','M97'),
('cid219',1,'2019-05-01 00:00:00','M98'),
('cid220',1,'2019-05-02 00:00:00','M99'),
('cid221',1,'2019-05-03 00:00:00','M100');

INSERT INTO cardiodiagnosis VALUES
('cid222',5,'2019-02-20 00:00:00','M25');

INSERT INTO cardiodiagnosis VALUES
('cid250',5,'2019-02-20 00:00:00','M25'),
('cid300',5,'2019-02-20 00:00:00','M25');

INSERT INTO cardiodiagnosis VALUES
('cid223',5,'2019-02-20 00:00:00','M304'),
('cid224',5,'2019-02-21 00:00:00','M304');

INSERT INTO bloodtest 
VALUES 
('bl1','2020-01-24 00:00:00',145,1,1,233,'cid122'),
('bl10','2019-02-02 00:00:00',150,0,2,168,'cid131'),
('bl100','2019-05-03 00:00:00',130,1,2,246,'cid221'),
('bl101','2019-05-04 00:00:00',148,0,2,244,'cid220'),
('bl102','2019-05-05 00:00:00',178,0,3,270,'cid219'),
('bl103','2019-05-06 00:00:00',140,0,2,195,'cid218'),
('bl104','2019-05-07 00:00:00',120,1,3,240,'cid217'),
('bl105','2019-05-08 00:00:00',129,0,2,196,'cid216'),
('bl106','2019-05-09 00:00:00',120,0,2,211,'cid215'),
('bl107','2019-05-10 00:00:00',160,1,2,234,'cid214'),
('bl108','2019-05-11 00:00:00',138,0,2,236,'cid213'),
('bl109','2019-05-12 00:00:00',120,0,2,244,'cid212'),
('bl11','2019-02-03 00:00:00',140,0,2,239,'cid132'),
('bl110','2019-05-13 00:00:00',110,0,2,254,'cid211'),
('bl111','2019-05-14 00:00:00',180,0,2,325,'cid210'),
('bl112','2019-05-15 00:00:00',150,1,3,126,'cid209'),
('bl113','2019-05-16 00:00:00',140,0,3,313,'cid208'),
('bl114','2019-05-17 00:00:00',110,0,3,211,'cid207'),
('bl115','2019-05-18 00:00:00',130,0,2,262,'cid206'),
('bl116','2019-05-19 00:00:00',120,0,2,215,'cid205'),
('bl117','2019-05-20 00:00:00',130,0,2,214,'cid204'),
('bl118','2019-05-21 00:00:00',120,0,3,193,'cid203'),
('bl119','2019-05-22 00:00:00',105,0,2,204,'cid202'),
('bl12','2019-02-04 00:00:00',130,0,2,275,'cid133'),
('bl120','2019-05-23 00:00:00',138,0,2,243,'cid201'),
('bl121','2019-05-24 00:00:00',130,0,2,303,'cid200'),
('bl122','2019-05-25 00:00:00',138,0,2,271,'cid199'),
('bl123','2019-05-26 00:00:00',112,0,2,268,'cid198'),
('bl124','2019-05-27 00:00:00',108,0,2,267,'cid197'),
('bl125','2019-05-28 00:00:00',94,0,2,199,'cid196'),
('bl126','2019-05-29 00:00:00',118,0,2,210,'cid195'),
('bl127','2019-05-30 00:00:00',112,0,2,204,'cid194'),
('bl128','2019-05-31 00:00:00',152,0,2,277,'cid193'),
('bl129','2019-06-01 00:00:00',136,0,2,196,'cid192'),
('bl13','2019-02-05 00:00:00',130,0,2,266,'cid191'),
('bl130','2019-06-02 00:00:00',120,0,2,269,'cid190');

INSERT INTO bloodtest 
VALUES 
('bl131','2019-06-03 00:00:00',160,0,2,201,'cid189'),
('bl132','2019-06-04 00:00:00',134,0,2,271,'cid188'),
('bl133','2019-06-05 00:00:00',120,0,2,295,'cid187'),
('bl134','2019-06-06 00:00:00',110,0,2,235,'cid186'),
('bl135','2019-06-07 00:00:00',126,0,2,306,'cid185'),
('bl136','2019-06-08 00:00:00',130,0,2,269,'cid184'),
('bl137','2019-06-09 00:00:00',120,1,2,178,'cid183'),
('bl138','2019-06-10 00:00:00',128,1,2,208,'cid182'),
('bl139','2019-06-11 00:00:00',110,0,1,201,'cid181');

INSERT INTO bloodtest 
VALUES 
('bl140','2020-01-24 00:00:00',145,1,1,233,'cid122'),
('bl141','2020-01-24 00:00:00',145,1,1,233,'cid122'),
('bl142','2020-01-24 00:00:00',145,1,1,233,'cid122');

INSERT INTO bloodtest 
VALUES 
('bl143','2015-01-24 00:00:00',145,1,1,233,'cid122'),
('bl144','2016-07-21 00:00:00',145,1,1,233,'cid185'),
('bl145','2019-01-05 00:00:00',145,1,1,233,'cid123');

-- Batch 1
INSERT INTO diseasedetail 
(disease_id, diagnoseddate, recovereddate, isrecovered, cardiodiagnosis_cardio_id) 
VALUES
('D403','2019-01-24 00:00:00','2019-04-03 00:00:00',false,'cid122'),
('D404','2019-01-25 00:00:00','2019-04-04 00:00:00',true,'cid123'),
('D405','2019-01-26 00:00:00','2019-04-05 00:00:00',false,'cid124');

INSERT INTO diseasedetail 
(disease_id, diagnoseddate, recovereddate, isrecovered, cardiodiagnosis_cardio_id) 
VALUES
('D406','2019-01-27 00:00:00','2019-04-06 00:00:00',true,'cid125'),
('D407','2019-01-28 00:00:00','2019-04-07 00:00:00',true,'cid126'),
('D408','2019-01-29 00:00:00','2019-04-08 00:00:00',true,'cid127'),
('D409','2019-01-30 00:00:00','2019-04-09 00:00:00',false,'cid128'),
('D410','2019-01-31 00:00:00','2019-04-10 00:00:00',true,'cid129');

INSERT INTO diseasedetail 
(disease_id, diagnoseddate, recovereddate, isrecovered, cardiodiagnosis_cardio_id) 
VALUES
('D411','2019-02-01 00:00:00','2019-04-06 00:00:00',true,'cid130'),
('D412','2019-02-02 00:00:00','2019-04-07 00:00:00',true,'cid131'),
('D413','2019-02-03 00:00:00','2019-04-08 00:00:00',true,'cid132'),
('D414','2019-02-04 00:00:00','2019-04-09 00:00:00',false,'cid133'),
('D415','2019-02-05 00:00:00','2019-04-10 00:00:00',true,'cid134');

ALTER TABLE diseasedetail
ADD COLUMN disease_name VARCHAR(100);

UPDATE diseasedetail
SET disease_name = 'Diabetes'
WHERE disease_id = 'D403' AND cardiodiagnosis_cardio_id = 'cid122';

UPDATE diseasedetail
SET disease_name = 'Heart Attack'
WHERE disease_id = 'D403' AND cardiodiagnosis_cardio_id = 'cid122';

UPDATE diseasedetail
SET disease_name = 'Heart Attack'
WHERE disease_id = 'D404' AND cardiodiagnosis_cardio_id = 'cid123';

UPDATE diseasedetail
SET disease_name = 'Hypertension'
WHERE disease_id = 'D405' AND cardiodiagnosis_cardio_id = 'cid124';

UPDATE diseasedetail
SET disease_name = 'Stroke'
WHERE disease_id = 'D406' AND cardiodiagnosis_cardio_id = 'cid125';

UPDATE diseasedetail
SET disease_name = 'Heart Attack'
WHERE disease_id = 'D407' AND cardiodiagnosis_cardio_id = 'cid126';

UPDATE diseasedetail
SET disease_name = 'Asthma'
WHERE disease_id = 'D408' AND cardiodiagnosis_cardio_id = 'cid127';

UPDATE diseasedetail
SET disease_name = 'Diabetes'
WHERE disease_id = 'D409' AND cardiodiagnosis_cardio_id = 'cid128';

UPDATE diseasedetail
SET disease_name = 'Hypertension'
WHERE disease_id = 'D410' AND cardiodiagnosis_cardio_id = 'cid129';

UPDATE diseasedetail
SET disease_name = 'Heart Attack'
WHERE disease_id = 'D411' AND cardiodiagnosis_cardio_id = 'cid130';

UPDATE diseasedetail
SET disease_name = 'Stroke'
WHERE disease_id = 'D412' AND cardiodiagnosis_cardio_id = 'cid131';

UPDATE diseasedetail
SET disease_name = 'Asthma'
WHERE disease_id = 'D413' AND cardiodiagnosis_cardio_id = 'cid132';

UPDATE diseasedetail
SET disease_name = 'Diabetes'
WHERE disease_id = 'D414' AND cardiodiagnosis_cardio_id = 'cid133';

UPDATE diseasedetail
SET disease_name = 'Heart Attack'
WHERE disease_id = 'D415' AND cardiodiagnosis_cardio_id = 'cid134';

select * from diseasedetail;



INSERT INTO ecgreport (ecg_id, date, restecg, cardiodiagnosis_cardio_id) VALUES
('ecgid1','2019-01-24 00:00:00',0,'cid122'),
('ecgid10','2019-02-02 00:00:00',1,'cid131'),
('ecgid100','2019-05-03 00:00:00',0,'cid221'),
('ecgid101','2019-05-04 00:00:00',0,'cid220'),
('ecgid102','2019-05-05 00:00:00',0,'cid219'),
('ecgid103','2019-05-06 00:00:00',1,'cid218'),
('ecgid104','2019-05-07 00:00:00',1,'cid217'),
('ecgid105','2019-05-08 00:00:00',1,'cid216'),
('ecgid106','2019-05-09 00:00:00',0,'cid215'),
('ecgid107','2019-05-10 00:00:00',0,'cid214'),
('ecgid108','2019-05-11 00:00:00',0,'cid213'),
('ecgid109','2019-05-12 00:00:00',1,'cid212'),
('ecgid11','2019-02-03 00:00:00',1,'cid211'),
('ecgid110','2019-05-13 00:00:00',0,'cid210'),
('ecgid111','2019-05-14 00:00:00',1,'cid209'),
('ecgid112','2019-05-15 00:00:00',1,'cid208'),
('ecgid113','2019-05-16 00:00:00',1,'cid207'),
('ecgid114','2019-05-17 00:00:00',1,'cid206'),
('ecgid115','2019-05-18 00:00:00',1,'cid205'),
('ecgid116','2019-05-19 00:00:00',1,'cid204'),
('ecgid117','2019-05-20 00:00:00',0,'cid203'),
('ecgid118','2019-05-21 00:00:00',0,'cid202'),
('ecgid119','2019-05-22 00:00:00',1,'cid201'),
('ecgid12','2019-02-04 00:00:00',1,'cid200'),
('ecgid120','2019-05-23 00:00:00',0,'cid199'),
('ecgid121','2019-05-24 00:00:00',1,'cid198'),
('ecgid122','2019-05-25 00:00:00',0,'cid197'),
('ecgid123','2019-05-26 00:00:00',0,'cid196'),
('ecgid124','2019-05-27 00:00:00',0,'cid195'),
('ecgid125','2019-05-28 00:00:00',1,'cid194'),
('ecgid126','2019-05-29 00:00:00',1,'cid193'),
('ecgid127','2019-05-30 00:00:00',1,'cid192'),
('ecgid128','2019-05-31 00:00:00',1,'cid191'),
('ecgid129','2019-06-01 00:00:00',0,'cid190');


INSERT INTO symptom (symptom_id, date, exang, oldpeak, cp, cardiodiagnosis_cardio_id) VALUES
('sym1','2025-01-01 10:00:00',0,1.2,3,'cid122'),
('sym2','2025-01-02 11:00:00',1,0.8,2,'cid123'),
('sym3','2025-01-03 12:00:00',0,2.1,1,'cid124'),
('sym4','2025-01-04 13:00:00',1,0.5,3,'cid125'),
('sym5','2025-01-05 14:00:00',0,1.0,2,'cid126'),
('sym6','2025-01-06 15:00:00',1,3.2,1,'cid127'),
('sym7','2025-01-07 16:00:00',0,0.9,3,'cid128'),
('sym8','2025-01-08 17:00:00',0,2.5,2,'cid129'),
('sym9','2025-01-09 18:00:00',1,1.4,1,'cid130'),
('sym10','2025-01-10 19:00:00',0,0.6,3,'cid131'),
('sym11','2025-01-11 20:00:00',1,2.3,2,'cid132'),
('sym12','2025-01-12 21:00:00',0,1.1,1,'cid133'),
('sym13','2025-01-13 22:00:00',0,0.5,3,'cid134'),
('sym14','2025-01-14 23:00:00',1,1.7,2,'cid135'),
('sym15','2025-01-15 09:00:00',0,2.9,1,'cid136'),
('sym16','2025-01-16 08:00:00',1,0.8,3,'cid137'),
('sym17','2025-01-17 07:00:00',0,1.6,2,'cid138'),
('sym18','2025-01-18 06:00:00',0,0.4,1,'cid139'),
('sym19','2025-01-19 05:00:00',1,1.9,3,'cid140'),
('sym20','2025-01-20 04:00:00',0,0.2,2,'cid141'),
('sym21','2025-01-21 03:00:00',1,2.4,1,'cid142'),
('sym22','2025-01-22 02:00:00',0,1.0,3,'cid143'),
('sym23','2025-01-23 01:00:00',1,3.1,2,'cid144'),
('sym24','2025-01-24 00:00:00',0,0.9,1,'cid145'),
('sym25','2025-01-25 10:30:00',0,2.2,3,'cid146'),
('sym26','2025-01-26 11:30:00',1,1.5,2,'cid147'),
('sym27','2025-01-27 12:30:00',0,0.7,1,'cid148'),
('sym28','2025-01-28 13:30:00',1,1.8,3,'cid149'),
('sym29','2025-01-29 14:30:00',0,2.6,2,'cid150'),
('sym30','2025-01-30 15:30:00',0,0.3,1,'cid151'),
('sym31','2025-01-31 16:30:00',1,1.0,3,'cid152'),
('sym32','2025-02-01 17:30:00',0,0.5,2,'cid153'),
('sym33','2025-02-02 18:30:00',1,2.8,1,'cid154'),
('sym34','2025-02-03 19:30:00',0,1.1,3,'cid155'),
('sym35','2025-02-04 20:30:00',1,0.7,2,'cid156'),
('sym36','2025-02-05 21:30:00',0,3.0,1,'cid157'),
('sym37','2025-02-06 22:30:00',1,1.9,3,'cid158'),
('sym38','2025-02-07 23:30:00',0,0.8,2,'cid159'),
('sym39','2025-02-08 09:15:00',1,1.5,1,'cid160'),
('sym40','2025-02-09 10:15:00',0,0.4,3,'cid161'),
('sym41','2025-02-10 11:15:00',1,2.0,2,'cid162'),
('sym42','2025-02-11 12:15:00',0,0.6,1,'cid163'),
('sym43','2025-02-12 13:15:00',1,1.2,3,'cid164'),
('sym44','2025-02-13 14:15:00',0,0.9,2,'cid165'),
('sym45','2025-02-14 15:15:00',1,1.4,1,'cid166'),
('sym46','2025-02-15 16:15:00',0,0.7,3,'cid167'),
('sym47','2025-02-16 17:15:00',1,2.3,2,'cid168'),
('sym48','2025-02-17 18:15:00',0,1.1,1,'cid169'),
('sym49','2025-02-18 19:15:00',1,0.6,3,'cid170'),
('sym50','2025-02-19 20:15:00',0,1.7,2,'cid171'),
('sym51','2025-02-20 21:15:00',1,2.4,1,'cid172'),
('sym52','2025-02-21 22:15:00',0,0.5,3,'cid173'),
('sym53','2025-02-22 23:15:00',1,1.3,2,'cid174'),
('sym54','2025-02-23 09:45:00',0,2.2,1,'cid175'),
('sym55','2025-02-24 10:45:00',1,0.8,3,'cid176'),
('sym56','2025-02-25 11:45:00',0,1.6,2,'cid177'),
('sym57','2025-02-26 12:45:00',1,2.1,1,'cid178'),
('sym58','2025-02-27 13:45:00',0,0.7,3,'cid179'),
('sym59','2025-02-28 14:45:00',1,1.9,2,'cid180'),
('sym60','2025-03-01 15:45:00',0,0.3,1,'cid181');
-- ('sym61','2025-03-02 16:45:00',1,2.6,3,'cid61'),
-- ('sym62','2025-03-03 17:45:00',0,1.0,2,'cid62'),
-- ('sym63','2025-03-04 18:45:00',1,0.5,1,'cid63'),
-- ('sym64','2025-03-05 19:45:00',0,1.8,3,'cid64'),
-- ('sym65','2025-03-06 20:45:00',1,2.0,2,'cid65'),
-- ('sym66','2025-03-07 21:45:00',0,0.6,1,'cid66'),
-- ('sym67','2025-03-08 22:45:00',1,1.2,3,'cid67'),
-- ('sym68','2025-03-09 23:45:00',0,0.9,2,'cid68'),
-- ('sym69','2025-03-10 09:05:00',1,2.3,1,'cid69'),
-- ('sym70','2025-03-11 10:05:00',0,0.7,3,'cid70'),
-- ('sym71','2025-03-12 11:05:00',1,1.5,2,'cid71'),
-- ('sym72','2025-03-13 12:05:00',0,0.4,1,'cid72'),
-- ('sym73','2025-03-14 13:05:00',1,2.1,3,'cid73'),
-- ('sym74','2025-03-15 14:05:00',0,1.3,2,'cid74'),
-- ('sym75','2025-03-16 15:05:00',1,0.8,1,'cid75'),
-- ('sym76','2025-03-17 16:05:00',0,1.9,3,'cid76'),
-- ('sym77','2025-03-18 17:05:00',1,2.5,2,'cid77'),
-- ('sym78','2025-03-19 18:05:00',0,0.6,1,'cid78'),
-- ('sym79','2025-03-20 19:05:00',1,1.4,3,'cid79'),
-- ('sym80','2025-03-21 20:05:00',0,0.7,2,'cid80'),
-- ('sym81','2025-03-22 21:05:00',1,2.2,1,'cid81'),
-- ('sym82','2025-03-23 22:05:00',0,0.5,3,'cid82'),
-- ('sym83','2025-03-24 23:05:00',1,1.7,2,'cid83'),
-- ('sym84','2025-03-25 09:25:00',0,0.9,1,'cid84'),
-- ('sym85','2025-03-26 10:25:00',1,2.4,3,'cid85'),
-- ('sym86','2025-03-27 11:25:00',0,0.3,2,'cid86'),
-- ('sym87','2025-03-28 12:25:00',1,1.6,1,'cid87'),
-- ('sym88','2025-03-29 13:25:00',0,0.8,3,'cid88'),
-- ('sym89','2025-03-30 14:25:00',1,2.0,2,'cid89'),
-- ('sym90','2025-03-31 15:25:00',0,0.6,1,'cid90'),
-- ('sym91','2025-04-01 16:25:00',1,1.3,3,'cid91'),
-- ('sym92','2025-04-02 17:25:00',0,0.5,2,'cid92'),
-- ('sym93','2025-04-03 18:25:00',1,2.1,1,'cid93'),
-- ('sym94','2025-04-04 19:25:00',0,1.0,3,'cid94'),
-- ('sym95','2025-04-05 20:25:00',1,0.7,2,'cid95'),
-- ('sym96','2025-04-06 21:25:00',0,1.8,1,'cid96'),
-- ('sym97','2025-04-07 22:25:00',1,2.2,3,'cid97'),
-- ('sym98','2025-04-08 23:25:00',0,0.4,2,'cid98'),
-- ('sym99','2025-04-09 09:35:00',1,1.5,1,'cid99'),
-- ('sym100','2025-04-10 10:35:00',0,0.6,3,'cid100');

INSERT INTO symptom
VALUES
('sym61','2025-04-10 10:35:00',0,0.6,3,'cid250'),
('sym62','2025-04-10 10:35:00',0,0.6,3,'cid300');

INSERT INTO symptom
VALUES
('sym63','2019-07-10 10:35:00',0,0.6,3,'cid181'),
('sym64','2019-07-10 10:35:00',0,0.6,3,'cid182');



INSERT INTO wearabledevicedata (wearable_device_id, thalach, slope, date, cardiodiagnosis_cardio_id) VALUES
('wd1',150,0,'2019-01-24 00:00:00','cid122'),
('wd2',187,0,'2019-01-25 00:00:00','cid123'),
('wd3',172,2,'2019-01-26 00:00:00','cid124'),
('wd4',178,2,'2019-01-27 00:00:00','cid125'),
('wd5',163,2,'2019-01-28 00:00:00','cid126'),
('wd6',148,1,'2019-01-29 00:00:00','cid127'),
('wd7',153,1,'2019-01-30 00:00:00','cid128'),
('wd8',173,2,'2019-01-31 00:00:00','cid129'),
('wd9',162,2,'2019-02-01 00:00:00','cid130'),
('wd10',174,2,'2019-02-02 00:00:00','cid131'),
('wd11',160,2,'2019-02-03 00:00:00','cid132'),
('wd12',139,2,'2019-02-04 00:00:00','cid133'),
('wd13',171,2,'2019-02-05 00:00:00','cid134'),
('wd14',144,1,'2019-02-06 00:00:00','cid135'),
('wd15',162,2,'2019-02-07 00:00:00','cid136'),
('wd16',158,1,'2019-02-08 00:00:00','cid137'),
('wd17',172,2,'2019-02-09 00:00:00','cid138'),
('wd18',114,0,'2019-02-10 00:00:00','cid139'),
('wd19',171,2,'2019-02-11 00:00:00','cid140'),
('wd20',151,2,'2019-02-12 00:00:00','cid141'),
('wd21',161,1,'2019-02-13 00:00:00','cid142'),
('wd22',179,2,'2019-02-14 00:00:00','cid143'),
('wd23',178,2,'2019-02-15 00:00:00','cid144'),
('wd24',137,1,'2019-02-16 00:00:00','cid145'),
('wd25',178,2,'2019-02-17 00:00:00','cid146'),
('wd26',162,2,'2019-02-18 00:00:00','cid147'),
('wd27',157,2,'2019-02-19 00:00:00','cid148'),
('wd28',123,2,'2019-02-20 00:00:00','cid149'),
('wd29',157,2,'2019-02-21 00:00:00','cid150'),
('wd30',152,0,'2019-02-22 00:00:00','cid151'),
('wd31',168,2,'2019-02-23 00:00:00','cid152'),
('wd32',140,2,'2019-02-24 00:00:00','cid153'),
('wd33',188,2,'2019-02-25 00:00:00','cid154'),
('wd34',152,0,'2019-02-26 00:00:00','cid155'),
('wd35',125,2,'2019-02-27 00:00:00','cid156'),
('wd36',160,0,'2019-02-28 00:00:00','cid157'),
('wd37',170,2,'2019-03-01 00:00:00','cid158'),
('wd38',165,2,'2019-03-02 00:00:00','cid159'),
('wd39',148,2,'2019-03-03 00:00:00','cid160'),
('wd40',151,2,'2019-03-04 00:00:00','cid161'),
('wd41',142,2,'2019-03-05 00:00:00','cid162'),
('wd42',180,1,'2019-03-06 00:00:00','cid163'),
('wd43',148,1,'2019-03-07 00:00:00','cid164'),
('wd44',143,1,'2019-03-08 00:00:00','cid165'),
('wd45',182,2,'2019-03-09 00:00:00','cid166'),
('wd46',172,2,'2019-03-10 00:00:00','cid167'),
('wd47',180,2,'2019-03-11 00:00:00','cid168'),
('wd48',156,2,'2019-03-12 00:00:00','cid169'),
('wd49',115,2,'2019-03-13 00:00:00','cid170'),
('wd50',160,2,'2019-03-14 00:00:00','cid171');

INSERT INTO xray (xray_id, date, ca, cardiodiagnosis_cardio_id) VALUES
('xid1','2019-01-01 00:00:00',0,'cid122'),
('xid2','2019-01-02 00:00:00',1,'cid123'),
('xid3','2019-01-03 00:00:00',0,'cid124'),
('xid4','2019-01-04 00:00:00',2,'cid125'),
('xid5','2019-01-05 00:00:00',0,'cid126'),
('xid6','2019-01-06 00:00:00',1,'cid127'),
('xid7','2019-01-07 00:00:00',0,'cid128'),
('xid8','2019-01-08 00:00:00',1,'cid129'),
('xid9','2019-01-09 00:00:00',0,'cid130'),
('xid10','2019-01-10 00:00:00',2,'cid131'),
('xid11','2019-01-11 00:00:00',0,'cid132'),
('xid12','2019-01-12 00:00:00',1,'cid133'),
('xid13','2019-01-13 00:00:00',0,'cid134'),
('xid14','2019-01-14 00:00:00',1,'cid135'),
('xid15','2019-01-15 00:00:00',0,'cid136'),
('xid16','2019-01-16 00:00:00',2,'cid137'),
('xid17','2019-01-17 00:00:00',0,'cid138'),
('xid18','2019-01-18 00:00:00',1,'cid139'),
('xid19','2019-01-19 00:00:00',0,'cid140'),
('xid20','2019-01-20 00:00:00',1,'cid141'),
('xid21','2019-01-21 00:00:00',0,'cid142'),
('xid22','2019-01-22 00:00:00',2,'cid143'),
('xid23','2019-01-23 00:00:00',0,'cid144'),
('xid24','2019-01-24 00:00:00',1,'cid145'),
('xid25','2019-01-25 00:00:00',0,'cid146'),
('xid26','2019-01-26 00:00:00',1,'cid147'),
('xid27','2019-01-27 00:00:00',0,'cid148'),
('xid28','2019-01-28 00:00:00',2,'cid149'),
('xid29','2019-01-29 00:00:00',0,'cid150'),
('xid30','2019-01-30 00:00:00',1,'cid151'),
('xid31','2019-01-31 00:00:00',0,'cid152'),
('xid32','2019-02-01 00:00:00',1,'cid153'),
('xid33','2019-02-02 00:00:00',0,'cid154'),
('xid34','2019-02-03 00:00:00',2,'cid155'),
('xid35','2019-02-04 00:00:00',0,'cid156'),
('xid36','2019-02-05 00:00:00',1,'cid157'),
('xid37','2019-02-06 00:00:00',0,'cid158'),
('xid38','2019-02-07 00:00:00',1,'cid159'),
('xid39','2019-02-08 00:00:00',0,'cid160'),
('xid40','2019-02-09 00:00:00',2,'cid161'),
('xid41','2019-02-10 00:00:00',0,'cid162'),
('xid42','2019-02-11 00:00:00',1,'cid163'),
('xid43','2019-02-12 00:00:00',0,'cid164'),
('xid44','2019-02-13 00:00:00',1,'cid165'),
('xid45','2019-02-14 00:00:00',0,'cid166'),
('xid46','2019-02-15 00:00:00',2,'cid167'),
('xid47','2019-02-16 00:00:00',0,'cid168'),
('xid48','2019-02-17 00:00:00',1,'cid169'),
('xid49','2019-02-18 00:00:00',0,'cid170'),
('xid50','2019-02-19 00:00:00',1,'cid171'),
('xid51','2019-02-20 00:00:00',0,'cid172'),
('xid52','2019-02-21 00:00:00',2,'cid173'),
('xid53','2019-02-22 00:00:00',0,'cid174'),
('xid54','2019-02-23 00:00:00',1,'cid175'),
('xid55','2019-02-24 00:00:00',0,'cid176'),
('xid56','2019-02-25 00:00:00',1,'cid177'),
('xid57','2019-02-26 00:00:00',0,'cid178'),
('xid58','2019-02-27 00:00:00',2,'cid179'),
('xid59','2019-02-28 00:00:00',0,'cid180'),
('xid60','2019-03-01 00:00:00',1,'cid181'),
('xid61','2019-03-02 00:00:00',0,'cid182'),
('xid62','2019-03-03 00:00:00',1,'cid183'),
('xid63','2019-03-04 00:00:00',0,'cid184'),
('xid64','2019-03-05 00:00:00',1,'cid185'),
('xid65','2019-03-06 00:00:00',0,'cid186'),
('xid66','2019-03-07 00:00:00',2,'cid187'),
('xid67','2019-03-08 00:00:00',0,'cid188'),
('xid68','2019-03-09 00:00:00',1,'cid189'),
('xid69','2019-03-10 00:00:00',0,'cid190'),
('xid70','2019-03-11 00:00:00',1,'cid191'),
('xid71','2019-03-12 00:00:00',0,'cid192'),
('xid72','2019-03-13 00:00:00',2,'cid193'),
('xid73','2019-03-14 00:00:00',0,'cid194'),
('xid74','2019-03-15 00:00:00',1,'cid195'),
('xid75','2019-03-16 00:00:00',0,'cid196');

INSERT INTO xray
VALUES
('xid76','2019-03-16 00:00:00',0,'cid223'),
('xid77','2019-03-16 00:00:00',0,'cid224');

